user_id,name,email,signup_date
1,Hunter Olson,ronaldshields@example.net,2024-03-13 15:13:04
2,Michelle Brown,mcmillananthony@example.org,2024-04-14 10:32:29
3,Laura House,henrytanner@example.com,2025-01-15 15:55:27
4,Sydney Clements,tdaugherty@example.org,2024-08-26 14:01:29
5,Scott White,andrewharrington@example.net,2024-03-29 02:44:28
6,Carol Wood DVM,oallen@example.net,2024-03-05 03:50:22
7,Thomas Morrison,james83@example.net,2024-08-02 07:21:03
8,Sean Bolton,lisaperry@example.net,2024-03-11 22:32:46
9,Christopher Chavez,tbuck@example.org,2024-02-26 08:17:02
10,Rebecca Murray,christopher48@example.org,2024-11-23 08:14:00
11,Steve Warner,mary58@example.org,2024-05-13 01:31:47
12,Alyssa Santos,christensenjessica@example.org,2024-03-09 04:30:19
13,Elizabeth Erickson,rachel09@example.org,2024-01-23 12:33:26
14,Kelly Crawford,wcole@example.org,2024-12-20 18:46:53
15,David Phillips,psparks@example.com,2024-12-25 02:05:04
16,Jose Mathews,jmeza@example.net,2024-08-17 14:25:52
17,Jessica Wilkins,campbellkaren@example.net,2024-04-29 20:43:00
18,Kenneth Rogers,abutler@example.org,2024-08-28 03:07:09
19,Jay Brooks,donaldpadilla@example.org,2024-02-19 06:24:20
20,Michael Rivera,bortiz@example.com,2024-12-05 16:13:39
21,Frank Hart,lwoods@example.org,2024-12-01 09:27:52
22,Micheal Donaldson,pamelasmith@example.com,2024-11-10 18:20:33
23,Denise Wright,christine80@example.net,2024-10-09 21:51:03
24,Diana Young,john22@example.com,2024-06-05 18:57:27
25,Ashley Patterson,cassandrasanders@example.org,2024-06-21 10:00:09
26,Nathan Rivas,amathis@example.net,2024-10-25 01:37:49
27,Jacob Hill,thomas52@example.net,2024-11-09 06:29:29
28,Joshua Martinez,angela52@example.com,2024-04-15 19:57:39
29,Madeline Cabrera,danielgonzalez@example.com,2024-09-12 12:52:36
30,William Johnson,tiffanydelgado@example.org,2024-09-25 06:35:41
31,Christopher White,shelleykeller@example.net,2024-09-23 12:23:08
32,Leah Young,mcdanieljulie@example.com,2024-04-20 08:12:36
33,Mary Ray,katherineross@example.net,2024-07-23 19:19:40
34,Kevin Moore,amanda91@example.org,2024-10-19 15:54:12
35,Amanda Henry,chavezchristina@example.org,2024-03-31 09:13:21
36,Paula Lara,chasejimenez@example.net,2024-09-16 13:37:35
37,Sean Wheeler,sfisher@example.com,2024-05-22 03:37:25
38,Julie Peck,tina85@example.com,2024-04-03 08:09:16
39,Marilyn Shah,youngdaniel@example.org,2024-04-16 21:09:42
40,Dawn Howell,kmoore@example.net,2024-04-24 11:22:00
41,Jason Rose Jr.,laurabryant@example.org,2024-02-23 05:31:57
42,Matthew Savage,johnwilliams@example.com,2024-10-19 01:11:43
43,Christine Wilson,qterrell@example.org,2024-03-13 02:09:51
44,Adam Young,mark25@example.com,2024-08-11 01:24:01
45,Lisa Hernandez,annette10@example.com,2024-06-04 03:29:36
46,Stephen Mccormick Jr.,christopher43@example.net,2024-12-25 17:34:49
47,Chad Tucker,herrerachristian@example.com,2024-08-12 11:54:32
48,Daniel Rodriguez,lindseymary@example.com,2024-10-27 11:36:27
49,Amanda Wilson,justin90@example.com,2024-03-18 23:30:34
50,David Knight,vstewart@example.com,2024-12-12 16:52:21
51,Janet Pena,uevans@example.com,2024-08-21 08:41:31
52,Bryan Wilson,joneswanda@example.com,2024-05-01 03:38:02
53,Bradley Avila,aaronmullins@example.net,2024-03-30 03:28:38
54,Emily Allen,palmerholly@example.com,2024-08-26 19:28:21
55,John Wheeler,collinsrachel@example.net,2024-02-25 23:30:32
56,Peter Williams,ryanalvarez@example.net,2025-01-04 13:50:40
57,Antonio Henderson,michellehill@example.net,2024-08-08 02:33:16
58,Luis Mack,transharon@example.com,2024-08-05 03:56:12
59,Amanda Griffin,luke19@example.org,2024-10-20 22:52:50
60,Terry Chan,qlee@example.org,2024-08-28 18:50:27
61,Scott Mckenzie,wdixon@example.com,2024-11-30 04:29:34
62,Gary Marshall,dcastro@example.net,2024-04-05 23:30:47
63,Taylor Kim,justinjimenez@example.net,2024-04-03 09:53:42
64,Sophia Small,marybrennan@example.com,2024-11-04 04:35:39
65,Sandra Edwards,bearddanny@example.com,2024-11-17 19:55:34
66,Kaylee Gilbert,egarcia@example.org,2024-05-08 10:23:01
67,Bonnie Valdez,stephenmurphy@example.org,2024-12-01 02:50:00
68,Robert Garrison,ashleyaguirre@example.org,2024-07-30 04:44:27
69,Michael Maynard,kathleen76@example.net,2024-01-27 06:06:46
70,Erik Brown,rlindsey@example.org,2024-03-19 12:25:10
71,Gregory Powell,oconnortravis@example.org,2024-12-25 13:05:39
72,John Clark,darlene25@example.org,2024-04-17 03:38:15
73,Kristin Steele,baldwinjames@example.org,2024-12-25 18:10:58
74,Linda Smith,bryanhunter@example.org,2024-08-23 16:18:27
75,Charles Allen Jr.,bshaw@example.net,2024-02-15 03:39:39
76,Robert Moore,brenda96@example.com,2024-01-28 12:00:20
77,Dawn Smith,jamesowens@example.com,2024-10-08 20:45:36
78,Jason Obrien,zfoster@example.com,2024-10-13 09:43:39
79,Luis Chambers,vpowers@example.com,2024-07-18 18:12:09
80,Amanda Hull,dustinsalazar@example.org,2024-04-12 11:26:11
81,Angela Fischer,philliproman@example.org,2024-03-23 19:32:31
82,Lori Caldwell,amandasmith@example.net,2024-07-11 01:59:32
83,Chris Cooper,vbrown@example.net,2025-01-08 10:12:54
84,Jacqueline Arnold,joel44@example.org,2024-02-04 09:32:52
85,Dylan Weber,kennedyrodney@example.org,2024-02-01 07:13:38
86,Nicholas Hill,bgray@example.org,2024-02-22 06:26:25
87,Alexander Hall,keith99@example.org,2024-10-04 16:15:18
88,Carlos Carpenter,pwashington@example.com,2024-12-02 13:09:15
89,Francisco Strong,renee60@example.com,2024-07-26 11:56:57
90,Mitchell Taylor,richard79@example.com,2024-01-27 11:19:18
91,Eric Jackson,pharrison@example.org,2024-01-26 09:51:03
92,Richard Cole,ztaylor@example.net,2024-09-08 21:55:17
93,Thomas Cannon,hernandeztravis@example.org,2024-02-14 16:51:05
94,Norman Martin,jennifer99@example.net,2024-11-04 22:04:03
95,Randall Hansen,stephanie76@example.com,2024-02-15 09:12:10
96,Elizabeth Torres,kmiller@example.com,2024-10-19 09:34:52
97,Karen Roth,dorothy22@example.com,2024-02-13 08:42:52
98,Richard Hall,amandaweber@example.org,2024-08-15 08:14:59
99,Chelsea Craig,andrew35@example.org,2024-06-15 14:31:37
100,Christina Evans,davidbrowning@example.com,2024-09-24 04:09:27
101,Ashley Atkinson,sarah51@example.net,2024-03-04 01:04:33
102,Joseph Wright,phyllisortiz@example.com,2024-05-14 07:38:43
103,Randall Bradshaw,kimmichelle@example.net,2024-04-07 06:52:27
104,Morgan Estrada,abbottbrandon@example.com,2024-04-20 12:03:47
105,Jerry Dickson,lhull@example.org,2024-08-17 14:47:19
106,Melissa Cole,tracy20@example.org,2024-06-16 10:54:26
107,Melissa Reilly,walshdavid@example.net,2024-03-11 01:11:09
108,Harold Nelson,kristinagilbert@example.org,2024-05-31 23:44:49
109,Joanna Montgomery,brandon16@example.org,2024-06-06 09:25:09
110,Jared Ortiz,heathersmith@example.com,2024-02-03 00:10:07
111,Marissa Kelly,lcook@example.net,2024-11-04 15:47:17
112,Mrs. Jacqueline Williams,keith11@example.net,2024-04-21 22:34:07
113,Maria Cruz,hilljuan@example.com,2024-08-19 21:57:52
114,Ethan Randall,clinekelly@example.org,2024-06-17 20:37:38
115,Adam Lee,wilsondeborah@example.net,2024-10-29 17:18:01
116,Dale Ward,kaylacarr@example.org,2024-04-17 09:37:50
117,Brandon White,kathleen10@example.net,2024-03-14 03:09:35
118,Ms. Shari Hall,sarah40@example.com,2024-03-11 09:19:01
119,Shannon Romero,terrenceromero@example.org,2024-10-24 18:24:27
120,Travis Carter,matthewmorgan@example.net,2024-09-03 19:35:51
121,Michael Rogers,brady60@example.com,2024-05-24 18:09:35
122,Cathy Robinson,andressnyder@example.com,2024-09-18 06:00:03
123,Angela Kelly,andrewmendez@example.net,2024-03-07 19:31:29
124,Donald Snyder,gordonstephanie@example.org,2024-08-03 07:08:40
125,Jennifer Bullock,margaret41@example.org,2024-12-07 02:45:21
126,Kristy Barnes,pnguyen@example.com,2024-04-11 05:43:30
127,Adam Jackson,tanyaaguilar@example.com,2024-09-15 00:06:26
128,Christopher Mcdaniel,samantha77@example.org,2024-02-18 13:02:09
129,Alex Sanders,xsoto@example.net,2024-04-27 02:10:43
130,Brooke Robertson,josephquinn@example.com,2024-03-16 13:13:31
131,Adam Ware,gail99@example.com,2024-05-08 21:46:51
132,Thomas Foster,david85@example.com,2024-12-10 23:52:34
133,Hunter Bolton,zcamacho@example.org,2024-06-27 07:11:52
134,Haley Long,shahjoseph@example.com,2024-04-10 19:59:47
135,Cory Jackson,brian10@example.net,2024-11-07 20:39:17
136,Jennifer Chapman,lisajones@example.com,2024-09-05 02:28:42
137,Travis Graham,jaredwilliams@example.net,2024-06-09 14:42:23
138,Jason Williams,elizabethlowe@example.com,2024-08-20 10:43:56
139,Amy Maldonado,susan23@example.com,2024-05-09 17:09:49
140,John Morales,antoniobautista@example.org,2024-09-01 06:30:31
141,Robert Schwartz,joanna70@example.net,2024-12-02 16:23:13
142,Kristen Jennings,joshua93@example.org,2024-06-03 01:29:15
143,Jennifer Torres,fpage@example.org,2024-09-07 13:55:00
144,Catherine Wood,gabrielmiller@example.org,2024-11-17 12:26:55
145,Nicole Park PhD,marvinmiller@example.com,2024-09-08 19:59:47
146,Jonathan Powers,stewartnicole@example.org,2024-09-13 05:41:03
147,Susan Reed,monicaevans@example.com,2024-07-07 22:56:00
148,Lauren Ellis,peterhatfield@example.net,2024-04-08 15:57:46
149,Victoria Braun,lisarich@example.org,2024-09-24 21:48:01
150,Jennifer Olson,nburgess@example.net,2024-02-08 02:20:36
151,Diane Bates,qwood@example.com,2024-02-10 14:12:41
152,Terry Shields,jgolden@example.com,2024-02-17 16:18:39
153,Ashley Porter,gperry@example.com,2024-03-06 22:00:40
154,Laura Rush,kennethmeyer@example.net,2024-05-14 11:27:04
155,Kristin Freeman,lauriehayes@example.com,2024-07-11 05:29:52
156,Christopher Avila,sawyerdavid@example.org,2024-09-28 05:17:05
157,Ryan Watkins,gmiller@example.org,2024-06-18 23:49:25
158,Sara Coleman,hollandclifford@example.org,2024-08-08 13:18:34
159,Brittney Harris,hannah94@example.net,2024-11-07 00:48:22
160,Dr. Lindsay Hensley,danieltucker@example.com,2024-07-11 16:02:16
161,Michael Graham,christopherwhitehead@example.net,2024-11-13 19:39:07
162,James Barrett,seanstewart@example.org,2024-08-14 21:27:16
163,Robin Burke,diana79@example.org,2024-09-19 09:51:55
164,Heather Thompson,jasminwalls@example.com,2024-03-16 14:20:26
165,Nicole Yates,fryan@example.com,2024-11-12 23:45:32
166,Michael Green,grant29@example.com,2025-01-03 10:25:59
167,Laura Willis,irwinmarissa@example.org,2024-09-02 05:42:23
168,Melissa Reyes,xhawkins@example.net,2024-12-19 12:03:41
169,Christine Jones,douglaswashington@example.org,2024-08-07 15:40:13
170,Michael White,hunterrogers@example.net,2025-01-20 00:28:13
171,Dawn Dudley,mcdonaldaaron@example.net,2024-12-04 11:36:39
172,Cameron Romero,ssmith@example.com,2024-05-02 01:03:11
173,Jordan Hall,newmannicholas@example.org,2024-02-23 02:58:32
174,Riley Robertson,toddpeterson@example.net,2024-09-23 23:22:05
175,Jason Johnson,kimwayne@example.com,2024-07-26 12:11:16
176,Jeffrey Smith,martinlauren@example.net,2024-07-06 23:38:01
177,James Moore,gutierrezbonnie@example.org,2024-06-27 09:54:24
178,Claire Duncan,wyattkelly@example.net,2024-03-19 15:28:53
179,Tracy Williams,danielle98@example.org,2024-04-11 21:11:17
180,Victor Miller,jennifer82@example.net,2024-03-24 15:23:17
181,Derek Harris,htaylor@example.org,2025-01-10 00:24:41
182,Joseph Wagner,kellytownsend@example.net,2024-02-06 08:53:54
183,Ashley Cook,brian19@example.net,2024-10-06 12:39:02
184,Travis Wu,james18@example.net,2024-10-23 04:40:28
185,Katherine Walter,schmidtlauren@example.com,2024-02-10 14:24:07
186,Shawn Walters,gomezjessica@example.org,2025-01-09 14:10:07
187,Laura Tanner,qdavis@example.org,2024-12-17 22:39:36
188,Heather Brown,zwillis@example.net,2024-02-25 06:50:35
189,Clinton Smith,ryoder@example.com,2024-09-14 14:05:15
190,Teresa Green,dustin09@example.org,2024-04-09 01:10:51
191,Nicole Orr,longamanda@example.org,2024-07-15 17:09:56
192,Andrew Moore,scastro@example.org,2025-01-12 15:44:49
193,Kristen Martin,tim11@example.org,2024-12-21 00:34:41
194,Michael Young,ymartin@example.com,2024-12-11 05:06:25
195,Rebecca Huffman,pwallace@example.net,2024-07-13 14:25:12
196,Michael Hill,acraig@example.org,2024-02-29 09:02:05
197,Richard Shepard,tonya32@example.com,2024-10-12 17:56:17
198,Jackie Young,faith37@example.org,2024-11-27 11:22:39
199,Jasmine Pierce,rjackson@example.net,2024-07-22 03:15:27
200,Curtis Robinson,rhunter@example.net,2024-09-13 14:52:46
201,Chad Foster,uaustin@example.com,2024-08-14 16:41:42
202,Curtis Thomas,susan23@example.net,2024-07-23 00:37:03
203,Joanna Johnson,gregoryhobbs@example.org,2024-10-29 10:34:02
204,Destiny Barnes,theresakent@example.net,2024-01-24 13:38:26
205,Michael Bowman,watkinsrebecca@example.com,2025-01-20 10:01:24
206,Amy Hardy,igriffin@example.net,2024-12-19 19:03:05
207,Antonio Smith,henryrodriguez@example.org,2024-08-03 22:25:08
208,Jessica Thomas,yolson@example.com,2024-11-20 15:10:00
209,David Mcdonald,oheath@example.org,2024-11-25 20:13:26
210,Brianna Taylor,wcallahan@example.net,2024-05-12 03:53:36
211,Dr. Debra Smith,karenclarke@example.net,2024-07-20 16:29:21
212,Monica Lewis,lorinolan@example.org,2024-09-03 12:29:54
213,Larry Torres,marialevine@example.com,2024-06-04 08:00:45
214,Stephanie Lopez,donna92@example.com,2024-04-23 02:35:30
215,Thomas Reed,davisbreanna@example.com,2024-10-08 19:19:00
216,Richard Ramos,hendrixkim@example.net,2024-07-16 14:45:46
217,Sean Wilson,williamjones@example.com,2024-10-06 02:15:40
218,Robin Ross,amanda08@example.org,2024-08-31 05:21:36
219,Phillip Acosta,derricksmith@example.net,2024-08-17 10:18:46
220,Roy Mcfarland,duncanjohn@example.org,2024-04-29 02:34:04
221,Kevin Wood,ybrewer@example.com,2024-10-18 14:32:26
222,Debra Rivera,ryan73@example.org,2024-08-19 23:59:28
223,David Potts,eflores@example.com,2024-04-07 06:44:04
224,Thomas White,gutierrezcarolyn@example.net,2024-09-22 06:14:39
225,Daniel Wilkerson,nathan49@example.org,2024-01-25 05:08:00
226,Hannah Lewis,christopher23@example.org,2024-09-18 04:16:40
227,Mitchell White,shawnmitchell@example.org,2024-07-15 10:46:41
228,Angela Bailey,valerie17@example.com,2024-08-25 09:54:51
229,Wendy Bates,christophermiles@example.net,2024-09-20 12:42:27
230,Monica Myers,ile@example.net,2024-06-17 16:14:32
231,David Thornton,fwilcox@example.net,2024-03-27 20:06:20
232,Brittany Pruitt,brownkara@example.org,2024-05-29 12:49:45
233,Zachary Shaw,jonathonacosta@example.org,2024-07-20 18:07:28
234,Shawn Carpenter MD,ronald07@example.org,2024-12-09 04:03:35
235,Larry Vargas,craighall@example.org,2024-04-23 17:20:05
236,Ryan Wolfe,marshallgary@example.net,2024-05-07 04:19:34
237,Stacey Walker,stephensgina@example.org,2024-12-04 21:21:50
238,Dennis Osborne,cynthiajensen@example.net,2024-11-11 22:46:26
239,Jason Watkins,qmorris@example.net,2024-10-31 02:38:28
240,Albert Little,garciastephen@example.org,2024-05-22 19:48:56
241,Corey Scott,sarah60@example.net,2024-02-28 14:11:03
242,Joshua Hanson,michellecoleman@example.org,2024-05-16 22:38:13
243,Katherine Brown,wsmith@example.net,2024-03-28 17:25:37
244,Tonya Reynolds,mccoyrobert@example.org,2024-03-12 09:15:16
245,Christopher Sweeney,ninaschaefer@example.org,2024-06-14 10:42:43
246,Amy Williams,nataliedavis@example.net,2024-03-03 08:57:15
247,John Mccullough,leebrittney@example.org,2024-09-18 01:44:49
248,Andrew Ross,jesse61@example.org,2024-01-25 22:36:55
249,Samuel Sosa,watsonbobby@example.org,2024-03-04 01:23:15
250,Brandi Nelson,yolanda00@example.org,2024-10-16 23:41:54
251,Christopher Le,carolcraig@example.com,2024-04-09 20:36:19
252,Chad Navarro,georgejohnson@example.com,2024-11-26 08:32:05
253,Robert Thomas,qandrews@example.org,2024-01-29 23:57:34
254,Katherine Russell,codyreyes@example.net,2024-02-20 01:41:20
255,Frank Mitchell,ssmith@example.net,2024-12-11 10:57:50
256,Antonio Mccormick,patricia75@example.org,2024-07-05 02:31:48
257,Lee Richardson,fhernandez@example.org,2024-12-11 09:22:41
258,Megan Perez,johnsonwilliam@example.net,2024-04-24 03:19:40
259,Laura Robinson,anagraham@example.org,2024-03-11 02:08:47
260,Barbara Garcia,rileyemily@example.com,2024-06-25 21:24:20
261,Robert Powell,christopher43@example.net,2024-12-27 01:18:24
262,Stephanie Swanson,fsingh@example.org,2024-04-01 18:45:19
263,Derrick Vaughan,stephaniegreen@example.com,2024-09-13 23:40:00
264,Carlos Marquez,rgarcia@example.com,2024-05-29 07:22:51
265,Mary Parks,kent62@example.org,2024-03-07 19:42:02
266,Rita Torres,sarah65@example.com,2024-04-16 01:41:47
267,Erik Smith,jeannemaxwell@example.net,2024-09-11 16:03:28
268,Jeffery Matthews,megan18@example.org,2024-07-30 06:31:11
269,David Haynes,tammy94@example.org,2024-10-14 18:32:21
270,Melinda Holden,dmoore@example.com,2024-10-25 22:49:13
271,Stephanie Gordon,richardhall@example.net,2024-08-23 03:09:02
272,Cory Jimenez,susan03@example.org,2025-01-19 11:13:52
273,William Wilson,qjones@example.net,2024-06-18 09:15:00
274,Matthew Moore,hgonzalez@example.net,2024-04-07 20:02:39
275,Benjamin Francis,martinezstephanie@example.net,2024-03-06 00:19:37
276,Samantha Peterson,gbaker@example.com,2024-12-15 11:56:39
277,Stephen Waters,wwilson@example.com,2024-06-04 17:12:20
278,Nathan Ortiz,buckalbert@example.com,2025-01-10 14:01:43
279,Taylor Francis,jasonsmith@example.org,2024-05-17 19:52:03
280,Jonathan Scott,qpatrick@example.org,2024-08-31 13:30:15
281,Hannah Banks,benjaminroman@example.net,2024-11-15 05:49:16
282,David Wilkinson,carlmueller@example.com,2024-08-25 21:18:53
283,Melissa Pearson,thompsonwilliam@example.net,2024-06-10 01:57:55
284,Ronald White,elizabeth28@example.net,2024-07-31 07:40:23
285,Lauren Vargas,jose34@example.com,2024-08-11 12:55:59
286,Christine Ellis,jessica03@example.org,2024-07-03 08:17:55
287,James Martin,vincent33@example.org,2024-01-26 11:49:02
288,Krystal Jimenez,jacksonmiranda@example.com,2024-04-09 01:59:44
289,Brittney Castillo,bakerdestiny@example.com,2024-05-13 17:59:52
290,Tamara Baldwin,joshuapratt@example.org,2024-03-22 03:54:48
291,Margaret Hughes,xjohnson@example.com,2025-01-22 03:07:57
292,Marvin Gonzalez,michele24@example.net,2024-10-11 08:00:03
293,Tammy Grant,alvarezmark@example.com,2024-02-04 10:12:36
294,Kelly Montgomery,cgibson@example.com,2024-09-19 13:01:48
295,Samantha Hernandez,zbrown@example.com,2024-08-22 10:19:04
296,Kayla Wallace,kimberly15@example.org,2024-02-29 23:31:15
297,Allison Moore,kleinjared@example.org,2024-05-21 13:56:19
298,Sierra Jones,joyce25@example.net,2024-08-01 02:37:07
299,Manuel Flores,orozcosteven@example.com,2024-10-10 05:20:47
300,Phillip Novak,alexis18@example.org,2024-03-08 10:25:05
301,Patricia Hutchinson,mccoykathryn@example.net,2024-03-16 19:24:11
302,Michael Norton,aterrell@example.com,2024-03-05 12:15:58
303,Leah Wilson,toddchen@example.net,2024-10-21 08:11:05
304,Jeffrey Thornton,max05@example.com,2024-02-02 22:14:53
305,Justin Garcia,brianvega@example.com,2024-03-03 04:19:42
306,Ashley Ward,pinedachristine@example.org,2024-03-06 15:17:48
307,Ryan Mccarthy,jacquelinejenkins@example.org,2024-07-03 16:06:19
308,Jason Maldonado,khankimberly@example.org,2024-09-09 19:49:38
309,Daniel Combs,jeremiahschmidt@example.com,2024-03-16 15:48:52
310,Melanie Green,dsuarez@example.org,2024-02-09 02:25:38
311,Erin Dickson,cody42@example.org,2024-09-27 09:41:58
312,Veronica Ford,seancannon@example.com,2024-08-12 13:23:48
313,Cody Wolf,trodriguez@example.org,2024-03-17 12:30:00
314,Marc Harrington PhD,nicoleaguilar@example.org,2024-06-10 10:40:18
315,Dennis Martinez,nmoore@example.org,2024-03-11 08:48:04
316,Dr. Ashley Garcia,lyonsjacob@example.com,2024-10-05 20:36:21
317,Scott Miller,fmitchell@example.org,2024-09-11 03:25:58
318,Colton Foster,cooperseth@example.org,2024-10-08 07:50:34
319,Lindsey Wood,brian06@example.org,2024-01-31 10:22:48
320,Mary Odonnell,davischarles@example.com,2024-09-21 12:45:09
321,Danny Thomas,fbowen@example.com,2024-02-14 17:25:45
322,Elizabeth Vasquez,ryanlee@example.com,2024-09-26 11:41:05
323,Kendra Williams,wmoran@example.org,2024-04-10 07:54:45
324,Jennifer Adams,josephmartin@example.org,2024-03-04 19:30:48
325,Keith Franco,rlambert@example.org,2024-06-27 06:30:35
326,Charles Pena,gilmoredustin@example.com,2024-04-29 21:51:03
327,Jeffrey Hall,alexanderpatrick@example.com,2024-04-17 23:25:58
328,Nicole Richardson,dustinpaul@example.com,2024-10-24 14:53:55
329,Timothy Lawson,jessica56@example.com,2024-12-03 17:09:06
330,Amy Nguyen,mitchellbrett@example.org,2024-05-01 10:02:31
331,Victoria Huffman,brandonmorales@example.com,2025-01-21 20:01:07
332,Johnny Brown,karen71@example.org,2024-03-16 10:30:11
333,John Fuller,stephaniehansen@example.net,2024-05-18 18:11:08
334,Monica Bailey,robertgordon@example.net,2024-04-02 16:14:28
335,Maria Mcdonald,dawn65@example.org,2024-08-15 01:08:34
336,Richard Macdonald,andrew22@example.com,2024-02-11 01:03:31
337,Diana Cooper,lesterjennifer@example.com,2024-09-01 03:07:06
338,Ronald Browning,bthomas@example.net,2024-12-30 11:41:10
339,Kristine Arnold,jonesbrian@example.com,2024-02-28 21:29:10
340,Steven Cervantes,angela08@example.com,2024-09-19 20:39:16
341,John Rivera,xheath@example.org,2024-03-15 11:49:55
342,Shane Taylor,abigail93@example.net,2024-03-10 22:58:07
343,Vicki Wallace,myerslinda@example.com,2024-09-20 01:51:55
344,Lindsey Bell,sarah51@example.com,2024-06-16 20:31:13
345,Rose West,rmiller@example.com,2024-07-23 00:41:08
346,Andrew Arnold,kyle70@example.net,2025-01-08 12:18:53
347,Eric Lee,kathleen06@example.net,2024-02-18 20:14:32
348,Cindy Rodriguez,dmarquez@example.net,2024-02-08 13:44:33
349,Julie Carr,nirwin@example.org,2024-06-07 13:02:19
350,Jennifer Martin,colleen07@example.org,2024-08-12 23:12:27
351,Cristina Henry,grimeslee@example.org,2024-07-25 04:41:56
352,Daryl Russell DDS,davisregina@example.com,2024-10-11 23:35:14
353,Richard Walker,zmartinez@example.org,2024-01-24 18:26:08
354,Amber Crosby,kevinmcmillan@example.org,2024-11-21 12:02:29
355,Andrea Rasmussen,lcoffey@example.com,2024-09-09 03:30:15
356,Lisa Le MD,kimberly63@example.org,2024-03-20 10:43:14
357,Mark Wilkins,lawrenceboyd@example.org,2024-08-11 01:51:10
358,Matthew Lawson,joelharris@example.org,2024-11-13 08:02:22
359,Shawn Lambert,mahoneylarry@example.com,2024-11-19 13:53:22
360,Wesley Clark,chadcantu@example.com,2024-09-02 01:16:33
361,Rhonda Payne,shanepatel@example.net,2024-09-17 15:34:21
362,Emma Wallace,lopezandre@example.com,2024-02-10 00:37:01
363,Kevin Mason,georgevincent@example.com,2024-09-30 08:47:33
364,Lisa Torres,luke62@example.com,2024-08-14 11:25:47
365,Amanda Bates,smithlori@example.net,2024-02-29 00:34:40
366,Laura Rivera,jonathanreeves@example.net,2024-03-03 17:44:48
367,Vincent Campbell,moodygregory@example.com,2024-05-08 17:07:53
368,Victoria Shields,john85@example.net,2024-09-01 15:09:36
369,Tony Wood,calebperez@example.org,2025-01-13 17:17:37
370,Misty Duarte,tracyross@example.com,2024-03-14 18:34:13
371,Jennifer Wilson DDS,jill23@example.com,2024-12-05 21:58:55
372,Andrew Hall,fdaniels@example.net,2024-02-17 06:25:38
373,Alexis Smith,katrinaanderson@example.com,2024-10-07 10:42:32
374,Amanda Harper,juliewright@example.org,2024-11-22 10:55:23
375,Jaime Hamilton,longderek@example.net,2024-03-22 17:44:43
376,Christopher Gonzalez,ntaylor@example.org,2024-06-13 10:41:27
377,Alan Robinson,hollandphillip@example.com,2024-12-14 18:25:08
378,Hector Johnson,cabrerajessica@example.net,2024-12-03 08:03:01
379,Jaclyn Bailey,bradyronald@example.org,2024-09-27 04:58:19
380,Amanda Miller,anthonyclark@example.com,2024-02-21 04:27:23
381,Anna Gutierrez,timothyhawkins@example.org,2024-04-27 19:29:40
382,Gregory Brown,vincent97@example.org,2025-01-13 08:31:24
383,Kevin Owens,johnathan14@example.org,2024-08-26 12:53:37
384,Misty Johnson,david04@example.org,2024-06-09 18:58:46
385,Megan James,jamesrichardson@example.org,2024-10-16 23:37:48
386,Allen Bowman,francis53@example.org,2024-11-05 21:34:24
387,Margaret Cooley,deborahmurphy@example.org,2024-04-17 01:32:36
388,Michelle Duncan,vargasthomas@example.com,2024-03-06 09:03:42
389,Andre Mckinney,rothhaley@example.org,2024-05-25 11:01:28
390,Allison Evans,kimberly20@example.com,2024-04-30 04:27:02
391,Ronnie Orr,tommybradley@example.com,2024-05-17 21:47:09
392,Morgan Mccarthy,halldanielle@example.org,2024-08-24 19:20:39
393,Jill Anderson,andreajones@example.com,2024-02-26 18:03:58
394,Jason Larsen,cooleysean@example.com,2024-02-12 21:19:23
395,Juan Anderson,sowen@example.org,2024-12-19 23:27:16
396,Kim Hill,millerelizabeth@example.org,2024-04-03 17:07:26
397,Lauren Miller,angela36@example.com,2024-07-26 16:33:15
398,Ashley Mcfarland,rhill@example.net,2024-03-24 23:13:42
399,Michael Sanchez,kayla78@example.org,2024-11-08 18:12:00
400,Charles Sanders,mckayalejandra@example.com,2024-03-27 21:18:24
401,Lisa Morgan,jennifer77@example.net,2024-03-10 03:14:52
402,Andrew Curry,yroberts@example.com,2024-12-16 19:16:19
403,Mary Williams,heatherhale@example.com,2024-05-13 01:37:18
404,Alyssa Lewis,stephaniehenry@example.com,2024-10-05 22:59:17
405,Kevin Stone,cherylryan@example.com,2024-02-19 21:28:31
406,Barbara Vazquez,cvargas@example.org,2024-09-30 19:14:17
407,Ronald Phillips,karen44@example.net,2024-11-09 03:07:41
408,Angel Griffin,smiller@example.net,2025-01-20 16:55:00
409,Vanessa Hansen,caitlin71@example.com,2024-08-08 17:51:13
410,Ruben Walsh,bushryan@example.com,2024-01-27 07:15:38
411,Matthew Ramirez,jamesroberts@example.com,2024-03-11 16:32:01
412,Kevin Petersen,laneamy@example.com,2024-05-31 03:26:30
413,Matthew Lowe,yholloway@example.org,2024-11-06 02:52:32
414,Tammy Hahn,stephensonstephanie@example.com,2024-09-20 09:25:29
415,Natalie White,dstewart@example.com,2024-12-18 15:58:05
416,Francisco Palmer,amy65@example.com,2024-06-09 14:32:22
417,Steven Pierce,cray@example.net,2024-03-11 21:17:50
418,Brianna Johnson,maria30@example.com,2025-01-20 17:50:53
419,Mikayla Conley,michaelmedina@example.net,2024-05-10 19:20:17
420,Eric Johnson,lindsaylarsen@example.net,2024-11-24 14:26:02
421,Willie Hurst,samuel57@example.net,2024-10-21 02:56:34
422,Richard Carroll,kevinrichardson@example.com,2024-10-06 18:03:04
423,Angela Wagner,ekeller@example.org,2024-12-23 03:06:01
424,Michael Boyd,penningtonjoshua@example.net,2024-09-29 14:51:18
425,Suzanne Morales,dawnalvarez@example.net,2024-12-13 15:49:39
426,Lynn Moore,leah78@example.net,2024-01-28 19:08:08
427,Jennifer Williams,wagnermichael@example.org,2024-12-02 09:00:51
428,Cody Hamilton,nicholasrichards@example.com,2024-05-02 18:13:15
429,Dr. Christina Ayala DDS,tonyadixon@example.net,2024-03-31 10:08:19
430,Thomas Smith,hollyrowe@example.com,2025-01-06 09:10:31
431,Robert Summers,kmitchell@example.net,2024-10-11 11:44:05
432,Brittany Reed,aglenn@example.com,2024-11-12 17:34:39
433,Daniel Scott,lisafreeman@example.net,2024-04-23 14:15:51
434,Timothy Wallace,melissa82@example.net,2024-07-11 12:20:42
435,Rebekah Buck,charper@example.net,2024-11-04 02:19:12
436,Brittany Gill,ucollins@example.net,2024-04-11 00:54:07
437,Kara Middleton,thompsondavid@example.com,2024-11-01 20:07:28
438,Anthony Simpson,moniqueowens@example.net,2024-12-23 21:26:08
439,Sarah Blevins,petersonjulie@example.com,2024-03-29 02:57:09
440,Paul Walters,joshua61@example.com,2024-07-18 20:26:52
441,Amanda Obrien MD,eric21@example.net,2024-04-19 02:54:03
442,Andrew Rodriguez,johngriffin@example.com,2024-08-11 22:51:08
443,Mary Smith,nicholaskelly@example.net,2024-07-09 15:26:25
444,Laurie Gomez,ohill@example.org,2024-04-27 15:22:39
445,Alice Lopez,lhughes@example.org,2024-05-13 23:03:21
446,Christopher Chambers,ashleymason@example.net,2025-01-02 00:11:28
447,Brittany Doyle,pagedavid@example.net,2024-09-01 17:46:14
448,Chad Steele,charlesmeyer@example.net,2024-07-06 06:02:13
449,Dale Wilson,erica03@example.com,2024-12-02 02:53:35
450,Kevin Suarez,stephanie42@example.org,2024-07-09 22:47:57
451,April Gonzalez,jeffery88@example.com,2024-08-03 08:33:51
452,Morgan Stevens,eric26@example.net,2024-10-27 13:36:39
453,Barry Hendrix,patriciagardner@example.net,2024-03-31 19:31:09
454,Jo Brown,lorialvarez@example.com,2024-11-09 15:13:46
455,Erik Welch,cynthia11@example.org,2024-10-26 03:34:58
456,Amanda Bolton,williamperry@example.net,2024-07-10 15:37:55
457,Rodney Banks,lindsay81@example.org,2024-03-22 02:31:48
458,Taylor Henderson,cliffordgomez@example.org,2024-11-04 00:06:47
459,Emily Lambert,ericsmith@example.com,2024-07-06 02:37:40
460,Lisa Howell,xwilliamson@example.org,2024-09-06 23:35:55
461,Taylor Griffith,marissa04@example.org,2024-02-19 14:34:55
462,Sarah Ramos,emoore@example.org,2024-06-11 04:56:03
463,Amber Johnson,zwalton@example.net,2024-01-31 00:50:32
464,Shelby Gray,robinpoole@example.org,2024-12-08 09:21:31
465,Pamela Williams,rdavis@example.net,2024-11-21 22:06:27
466,Barry Brown,brian69@example.com,2024-12-22 11:42:00
467,Joshua Harris,hwest@example.org,2024-12-05 20:11:33
468,Diane Reyes,robertsbryan@example.net,2024-05-20 09:42:31
469,Sarah Romero,benjaminharvey@example.com,2024-07-07 06:18:17
470,Mary Mcbride,nramos@example.net,2025-01-10 08:26:54
471,Michael Garner,pcampos@example.net,2024-03-11 00:27:45
472,Nicholas Durham,jonathan15@example.net,2024-07-07 19:23:14
473,Jason Clark,melindagregory@example.net,2024-04-18 10:08:48
474,Tonya Bailey,bradley58@example.net,2024-08-14 23:32:49
475,Victoria Rodriguez,pthomas@example.com,2025-01-12 19:41:47
476,Teresa Jones,youngkevin@example.com,2025-01-10 04:32:21
477,Kirsten Whitney,codyelliott@example.net,2024-11-03 06:05:11
478,Joshua Moore,bwright@example.net,2024-11-19 11:21:14
479,Robert Oneal,amber39@example.net,2024-10-31 22:50:45
480,Jillian Jones,noah17@example.net,2024-10-11 00:12:16
481,Ashley Spencer,afreeman@example.com,2024-01-25 08:45:24
482,Matthew Drake,benjamindunn@example.net,2024-02-21 09:18:01
483,Robert Daniels,hansonjoseph@example.org,2024-02-15 04:57:31
484,Joseph Alvarez,alexander30@example.com,2024-02-12 19:22:44
485,Felicia Gonzalez,williamhouse@example.com,2024-04-08 21:49:54
486,Brenda Roth,dhernandez@example.net,2025-01-12 12:20:00
487,Brooke Downs,alexiscraig@example.org,2024-02-02 04:33:47
488,Timothy Diaz,danielsharon@example.org,2024-05-15 22:29:20
489,Amber Navarro,zharrell@example.com,2024-08-11 17:55:49
490,Justin Turner,weeksadam@example.com,2024-05-03 04:20:30
491,Mary Daniels,brittanyortiz@example.net,2024-05-24 05:54:36
492,Valerie Thompson,stephanie90@example.com,2024-09-23 19:29:41
493,Patricia Arias,yolandahernandez@example.net,2024-06-22 11:42:32
494,Susan Stewart,karenoneal@example.com,2024-01-31 21:20:32
495,Sherry Barnes DDS,ericrandall@example.org,2024-10-05 20:46:01
496,David Stephens,jrussell@example.org,2024-08-07 23:14:22
497,Shawn Fernandez,ywheeler@example.org,2024-04-11 07:08:31
498,Anthony Hicks,paul80@example.com,2024-03-02 07:22:06
499,Samantha Buckley,paulhorne@example.net,2024-08-11 20:38:37
500,Christopher Stein,samanthawilliams@example.net,2024-04-13 20:27:06
501,Mike Dyer,brownpamela@example.org,2024-12-30 06:37:02
502,Nicole Shaw,wendy84@example.org,2024-02-27 02:33:51
503,Michael Matthews,michaelsaunders@example.org,2024-02-07 05:51:23
504,Molly Oneill,annette96@example.net,2024-06-19 18:11:24
505,Robert Orozco,davismatthew@example.com,2024-08-12 13:08:33
506,Rebecca Miles,lindsaymoran@example.com,2024-09-13 12:13:44
507,Sandra Ortiz,wpark@example.org,2024-04-07 12:34:06
508,Jesus Martin,joshua75@example.org,2024-05-16 04:34:26
509,Kathy Lewis,jennifer35@example.net,2024-02-01 12:49:40
510,Edward Gonzalez,ritterrichard@example.net,2024-04-22 21:47:15
511,Meghan Hester,whitesamuel@example.com,2024-06-15 23:59:00
512,Rebekah Warner,lisaray@example.com,2024-07-08 23:10:46
513,Heather Potter,angelicafrank@example.org,2024-05-10 01:12:34
514,Elizabeth Johnson,ryan59@example.com,2024-03-13 19:02:31
515,Mallory Whitney,brett46@example.com,2024-12-27 12:44:45
516,Andrew Weaver,zyoung@example.com,2024-12-24 11:44:17
517,Erica Miller,hmontes@example.org,2024-01-27 00:54:50
518,Jennifer Smith,steven46@example.org,2024-03-05 04:06:03
519,Mr. Brian Lara,gmcgee@example.net,2024-07-02 12:10:34
520,Peter Garcia,baxtermatthew@example.org,2024-07-03 04:35:08
521,Jamie Macias,nataliehammond@example.net,2024-03-14 16:18:31
522,Elaine Morgan,brendawaller@example.org,2024-03-22 00:43:41
523,Kevin Sims,townsendjessica@example.com,2024-12-14 05:16:11
524,Earl Anderson,dbradford@example.com,2024-10-18 14:35:40
525,Richard Mason,theresa30@example.net,2024-06-08 08:41:42
526,Mark Martinez,jonathanmartin@example.net,2024-08-08 03:10:07
527,Chad Robertson,toddkevin@example.org,2024-07-14 11:16:20
528,Joseph Acosta Jr.,wendybailey@example.org,2024-12-19 21:58:30
529,Michael Sanders,timothyrobinson@example.org,2024-07-27 07:34:45
530,Elizabeth Bates,jruiz@example.net,2024-03-20 18:03:24
531,Joseph Bird,zoliver@example.net,2024-09-23 13:13:40
532,Evelyn Holt MD,pachecopaula@example.com,2024-07-26 00:35:17
533,Jessica Miller,cheryl88@example.org,2024-11-03 17:24:00
534,Michelle Jackson,allisonatkinson@example.com,2024-11-26 12:50:35
535,Ian Atkinson,hritter@example.com,2024-02-09 19:53:43
536,Grace Mercer,wayne26@example.org,2024-07-27 17:18:15
537,Christopher Calderon,slee@example.com,2024-10-07 18:31:41
538,Ashley Pham,diane87@example.com,2024-10-26 05:00:37
539,Anthony Arias,carolwalters@example.org,2024-05-28 02:39:43
540,Michael Jones,achan@example.net,2024-07-03 05:43:37
541,Mark Jackson,wwhite@example.org,2024-12-05 19:18:54
542,Michelle Kaiser,jillianarcher@example.org,2024-08-07 19:51:35
543,Kimberly Bowen,travistorres@example.org,2024-02-01 19:56:59
544,Cameron Hughes,daniel66@example.net,2024-04-06 21:58:36
545,Taylor Walker,megandunn@example.com,2024-09-01 20:14:22
546,Susan West,lauren68@example.org,2024-08-25 22:34:23
547,Eric Glass,amanda80@example.com,2024-03-02 18:09:26
548,Charles Fischer,gkelly@example.net,2025-01-02 06:04:01
549,Allen Mccoy,hammonddanielle@example.com,2024-06-03 23:58:35
550,Evan Carter,gabriel73@example.com,2024-02-15 22:29:42
551,Natasha Landry,deborahcook@example.net,2024-04-16 22:18:31
552,Melissa Chapman,uromero@example.net,2025-01-19 01:40:12
553,Tom White,joshuawoodard@example.com,2025-01-19 11:00:48
554,Ethan Roberts,brandondavis@example.org,2024-07-31 10:12:56
555,Kristopher Jones,abbottaustin@example.org,2024-08-20 14:09:56
556,Joseph Adams,bdouglas@example.com,2024-03-22 04:55:05
557,Melissa Scott,ballrobert@example.org,2024-06-25 11:24:22
558,Robert Castillo,toliver@example.org,2024-06-20 04:15:15
559,Debra Graves,mooneylisa@example.com,2024-09-21 14:02:46
560,Laura Jenkins,littlemichael@example.org,2024-12-17 03:48:45
561,Heather Byrd,ccook@example.com,2024-02-04 19:49:26
562,Billy Wilson,oconnellmonica@example.net,2024-03-06 08:32:39
563,Roger Gonzalez,diazalexis@example.com,2024-04-11 11:06:26
564,Cory Bradley,thomas66@example.net,2024-08-10 10:35:33
565,Jason Anderson,christycollins@example.com,2024-09-15 21:39:56
566,Mark Martin,garzamargaret@example.com,2024-06-14 16:17:24
567,Bonnie Munoz,petersdenise@example.org,2024-04-10 03:43:08
568,Allen Williams,smithlaura@example.org,2024-11-19 22:16:49
569,Michelle Parker,burnettamy@example.net,2024-05-27 08:00:40
570,William Murphy,patriciaatkins@example.com,2024-09-13 16:12:39
571,Gregory Wise,veronica40@example.com,2024-04-11 04:25:02
572,Marcus Brown,jeanhoward@example.net,2024-11-02 00:27:43
573,Tina Pugh,michaelbeasley@example.org,2024-02-13 02:46:37
574,Joshua Rogers,stodd@example.org,2024-12-04 12:58:47
575,Kathleen Harding,abishop@example.net,2024-06-06 18:14:16
576,Erika James,davischristopher@example.net,2024-10-03 18:29:52
577,Taylor Peters,jack85@example.org,2024-08-15 00:14:10
578,Madison Dorsey,brennananthony@example.org,2024-10-13 14:24:22
579,Rodney Kerr,diana24@example.com,2024-08-27 20:47:25
580,Kylie Kerr,angela24@example.com,2024-08-11 23:44:20
581,Steven Wiley,ginawright@example.com,2025-01-11 14:14:09
582,Amanda Carroll,justin53@example.org,2024-04-04 01:33:54
583,Richard Dunn,myersreginald@example.com,2024-02-07 17:09:39
584,Laura Simpson,markchristensen@example.org,2024-10-19 12:32:02
585,Jill Gilbert,eterry@example.com,2024-02-01 15:06:10
586,Frank Baldwin,gina79@example.net,2024-02-28 09:29:37
587,Stephanie Allen,josephsingleton@example.net,2024-09-17 07:51:30
588,Traci Bryant MD,millsjustin@example.com,2024-09-04 11:00:57
589,Danny Noble,uherman@example.net,2024-12-15 21:49:03
590,Crystal Villarreal,cmorales@example.com,2024-04-06 15:58:00
591,Glenn Hicks,espinozajulia@example.com,2024-02-08 20:51:36
592,Victoria Herrera,daviswilliam@example.net,2024-02-07 23:36:45
593,Mark Lee,amandamiller@example.org,2024-02-15 13:51:49
594,Robert James,wlee@example.org,2024-06-10 08:16:09
595,Danny Parrish,zacharyjoseph@example.org,2024-06-19 19:42:55
596,Sharon Benson,espinozajennifer@example.org,2024-10-14 11:36:22
597,Lisa Soto DDS,celliott@example.com,2024-05-16 23:30:04
598,John Salazar,gsmith@example.org,2024-06-06 09:48:26
599,Don Hernandez,pricerobert@example.net,2024-05-19 00:30:04
600,Marcus Smith,james32@example.net,2024-03-28 18:56:53
601,Martin Richardson,elizabeth01@example.com,2024-12-05 19:00:11
602,Melissa Phillips,plevy@example.org,2024-12-26 01:04:01
603,Keith Villarreal,denise48@example.com,2024-09-05 14:22:00
604,Grant Austin,ellisbrenda@example.org,2024-02-02 13:04:45
605,Julia Crawford,reyessusan@example.com,2024-06-24 22:42:26
606,Ashley Reyes,edwardturner@example.net,2024-01-28 03:38:38
607,Suzanne Webster,mandyadams@example.com,2024-08-03 03:35:25
608,Mariah King,jeffery32@example.com,2024-08-27 15:44:36
609,Kimberly Wilkinson,christina58@example.com,2024-02-14 18:25:08
610,Lindsey Norman,kevinrichardson@example.org,2024-09-02 12:16:19
611,Sara Smith,irodriguez@example.org,2024-03-03 21:26:53
612,Matthew Smith,zgordon@example.net,2024-03-08 08:28:43
613,Brenda Jackson,amandagaines@example.net,2024-05-10 15:24:20
614,Caroline Smith,bobby47@example.com,2024-10-10 23:46:54
615,Ryan Rodriguez,kevin90@example.org,2024-02-04 15:44:41
616,Sean Crawford,briggslaura@example.net,2024-04-27 18:38:38
617,David Armstrong,randallfleming@example.org,2024-10-02 07:22:19
618,Robert Wade,hannah58@example.org,2024-09-09 19:46:51
619,Anita Henry,campbellmarcus@example.com,2024-06-19 11:18:58
620,Jacqueline Brown,douglasjohn@example.com,2024-02-22 00:13:45
621,Frederick Davis,mckayandre@example.org,2024-05-29 15:40:49
622,Kim Brown,parkcharles@example.net,2024-05-24 18:29:42
623,Laura Henderson,ucruz@example.org,2024-02-01 04:35:14
624,Shawn Hernandez,janegriffin@example.org,2024-07-05 05:11:48
625,Mrs. Jessica Buchanan,juarezpeter@example.com,2024-07-12 05:17:06
626,Scott Hayden,elove@example.com,2024-11-09 02:25:47
627,Mario Gross,molly94@example.net,2024-03-09 17:20:59
628,Lisa Coleman,burkeerin@example.net,2025-01-06 05:14:55
629,Clifford Goodwin,craigrojas@example.net,2024-07-05 14:15:43
630,Tyler Bishop,taylorbetty@example.org,2025-01-05 21:30:06
631,Valerie Jimenez,nchapman@example.org,2024-09-13 14:46:18
632,Valerie Castro,amanda59@example.org,2024-07-15 15:07:31
633,Terry Taylor,smithjames@example.net,2024-09-04 07:54:46
634,Brett Berry,rogersandrew@example.org,2024-09-29 22:25:28
635,Ariel Taylor,danielle85@example.org,2024-04-04 04:45:22
636,Philip Smith,james64@example.org,2025-01-20 19:49:48
637,Andrew Peters,barbaraortiz@example.com,2024-07-25 08:14:37
638,Holly Lewis,qgarrison@example.net,2024-04-24 08:05:19
639,Natalie Dyer,kevinreyes@example.com,2024-04-05 08:48:26
640,Robert Henry,wallaceanthony@example.org,2024-07-26 18:17:12
641,Nathan Stephens,marydavis@example.org,2024-09-19 18:31:56
642,Jacob Pugh,nwells@example.net,2024-09-29 22:38:06
643,Sharon Ramsey,dhodge@example.net,2024-12-04 15:00:34
644,Jacob White,jonescandace@example.net,2025-01-21 04:16:29
645,Nicholas Huffman,cuevasmanuel@example.net,2024-08-14 22:51:24
646,Brittany Greene,alexanderjoanna@example.org,2024-06-05 06:40:33
647,Stacey Smith,christy42@example.net,2024-01-31 11:13:33
648,Pamela Dorsey,xsanders@example.net,2024-03-09 15:22:24
649,Paige Taylor,fitzgeraldmichael@example.net,2024-12-01 07:59:17
650,Barbara Wyatt,jessica11@example.org,2024-06-18 13:48:31
651,Ethan Stokes,monica31@example.net,2024-03-29 03:22:28
652,Thomas Evans,richardsonmary@example.org,2024-06-17 01:35:43
653,Alexander Andrews,kevin27@example.org,2024-02-18 06:07:14
654,Robert Johnson,michaelmoss@example.net,2024-08-09 10:10:14
655,Michael Rivera,uyoung@example.net,2024-11-03 16:46:15
656,Megan Ramirez,bmorris@example.net,2024-11-10 02:53:48
657,Brittney Roberts,parkstimothy@example.com,2024-03-04 00:43:22
658,Jose Rose,qsmith@example.com,2024-07-28 07:17:57
659,Alan Keller,englishandre@example.com,2024-10-23 21:03:53
660,Alexandra Hart,travismorales@example.com,2024-11-03 13:22:58
661,George Austin,michaelwhite@example.com,2024-07-09 22:39:36
662,Lindsay Johnson,rachelbriggs@example.net,2024-08-05 07:34:13
663,Ryan Wiley,smithtiffany@example.com,2024-11-17 17:55:04
664,Michael Curtis,fdyer@example.net,2024-11-03 23:12:12
665,Amy Wilson,james64@example.org,2025-01-09 10:06:16
666,Andrew Smith,hornetimothy@example.org,2024-07-03 13:48:11
667,Michael Carpenter,montesnicole@example.net,2024-08-15 04:33:18
668,Darren Gonzalez,iharrington@example.net,2024-12-10 03:48:58
669,Jacqueline Mcmillan,matthewfoster@example.net,2024-02-21 12:57:51
670,Ivan Waters,lucerorandall@example.org,2024-10-17 02:33:07
671,Melissa Morales,lance73@example.com,2024-09-20 06:45:38
672,Benjamin Jackson,bbarry@example.com,2024-06-03 04:40:15
673,Angela Miller,penny01@example.com,2024-03-08 12:08:32
674,Jeffrey Mooney,emilyaguirre@example.org,2024-12-08 16:30:54
675,George Brennan,christine59@example.net,2024-06-16 08:06:04
676,Brandon Roberts,fuentestina@example.net,2024-02-29 17:00:53
677,Jordan Taylor,ktaylor@example.net,2024-10-30 08:08:15
678,Stephanie Hughes,jason84@example.org,2024-09-09 15:39:22
679,John Greer,xvalenzuela@example.com,2024-10-27 00:30:16
680,Yolanda Adkins,spencergary@example.net,2024-03-22 13:58:47
681,Holly Ruiz,april23@example.com,2024-05-12 20:05:01
682,Lindsey Wise,wrightmark@example.com,2024-09-23 19:20:35
683,Joshua King,smithjennifer@example.org,2024-07-23 11:42:11
684,Michael Kennedy,deanna52@example.org,2024-05-20 09:57:56
685,Jimmy Dennis,karen40@example.com,2024-11-25 23:42:50
686,Ashley Murphy,stonenancy@example.com,2024-09-01 06:55:48
687,Terry Johnson,joelclay@example.net,2024-12-01 11:57:00
688,Deanna Lamb,murraytroy@example.org,2024-05-15 08:29:13
689,William Long,dunnmonica@example.com,2024-03-18 11:26:19
690,Carrie Avery,pstone@example.net,2024-11-12 10:59:05
691,Michael Marshall,deborah69@example.org,2024-06-28 03:34:42
692,Kristin Morton,david79@example.org,2024-01-29 06:43:43
693,Shannon Ramirez,lestrada@example.org,2024-10-16 15:22:28
694,Joseph Velasquez,jimenezkristen@example.org,2024-03-09 22:15:14
695,Frank Curry,james12@example.org,2024-12-19 18:35:21
696,Christina Miller,meghangarcia@example.com,2024-06-07 17:21:52
697,Christopher Smith,agarcia@example.org,2024-04-03 11:16:46
698,Ronald Johnson,vfarrell@example.org,2024-02-28 06:43:18
699,Michael Miller,zjones@example.com,2024-07-14 09:19:27
700,Matthew Ramirez,juliegarrett@example.org,2024-08-26 04:04:28
701,Kathy Anderson,aimeevalencia@example.net,2024-10-06 19:05:16
702,Zachary Johnson,bryanbenson@example.org,2024-12-31 15:03:42
703,Logan White,coxchristopher@example.com,2024-09-28 03:40:40
704,George Clements,irivera@example.org,2024-11-30 02:25:51
705,Mrs. Melissa Martinez,kenneth79@example.com,2024-07-14 14:45:18
706,Kristopher Peters,moorejessica@example.net,2024-12-18 12:41:28
707,Cheryl Bennett,cantujanet@example.org,2024-07-05 17:04:12
708,Julie Lin,oaguilar@example.net,2024-06-30 22:24:37
709,Sharon Kelley,matthewallen@example.com,2025-01-04 02:54:25
710,Kevin Massey,freyelizabeth@example.org,2024-11-29 03:36:39
711,Melanie Kelly,hannahtaylor@example.org,2024-11-13 03:53:29
712,Timothy Warren,savagejohn@example.net,2024-02-02 00:45:03
713,Jacqueline Collins,vdunn@example.com,2024-10-14 14:52:53
714,Laura Smith,susantorres@example.org,2024-10-06 08:52:30
715,Anthony Rasmussen,randall25@example.com,2024-12-09 21:37:23
716,Jared Hansen,marksmith@example.org,2024-04-09 05:21:48
717,Amy Stone,stanleynicole@example.com,2024-04-24 03:18:35
718,Victoria Booth,amoore@example.com,2024-08-01 06:28:54
719,Lawrence Stephens,steinandrew@example.net,2024-01-26 17:15:29
720,Dr. Joseph Caldwell,jenniferjones@example.com,2024-03-02 09:49:20
721,Ronald Walker,monica54@example.com,2024-01-27 15:51:30
722,Katherine Cole,warnold@example.com,2024-09-11 20:37:03
723,Mark Salazar,larrygilbert@example.com,2024-09-28 04:17:59
724,Ricky Avila,marytaylor@example.net,2024-11-01 08:28:04
725,Kevin Ramirez,jacobstewart@example.com,2025-01-21 21:32:25
726,Jacob Powell,victoriabell@example.com,2024-02-14 16:41:35
727,Mary Bennett,mlong@example.org,2024-12-25 19:08:02
728,Amanda Johnson,hgreen@example.com,2024-05-02 08:41:49
729,Matthew Lowe,cooperalyssa@example.net,2024-12-08 07:39:07
730,Mark Carpenter,victoria97@example.org,2024-10-20 09:22:33
731,Troy Andrews,igarcia@example.com,2024-06-25 23:04:02
732,Jacqueline Johnson,amanda95@example.com,2024-08-31 18:31:20
733,Laura Alvarez,csmith@example.com,2024-07-30 01:15:33
734,Cynthia Richardson,joshua08@example.com,2024-01-31 21:07:36
735,Kathleen Moses,jimenezdeborah@example.net,2024-09-18 03:22:07
736,Joseph Hogan,hooperheather@example.com,2024-08-06 13:43:00
737,Sheila Mahoney,john77@example.com,2024-03-05 06:33:18
738,Justin Greene,morgan97@example.com,2024-07-17 05:02:48
739,Kevin Weeks,oconnortimothy@example.org,2024-06-09 08:41:14
740,Mitchell Chen,carterethan@example.net,2024-09-03 05:35:52
741,William Singleton V,mmurray@example.com,2024-02-06 01:34:32
742,Andrew Coleman,xbernard@example.com,2024-08-30 00:49:46
743,Caitlin Robertson,littleterri@example.org,2024-07-11 01:21:23
744,Joyce Simmons,tberry@example.org,2024-02-19 19:32:06
745,Chelsea Dickson,hamiltontyler@example.net,2024-08-26 00:49:47
746,James Bennett,smithamber@example.com,2024-11-15 12:38:32
747,Rachel Welch,mariomiller@example.net,2024-12-02 10:34:25
748,Robert Leblanc,michellebennett@example.net,2024-09-21 15:17:17
749,Jose Jackson,kevin31@example.com,2024-05-10 07:42:45
750,Kaitlyn Williams MD,mmartin@example.com,2024-12-04 21:08:37
751,Angela Mahoney,malikbrooks@example.org,2024-08-18 22:49:08
752,Samuel Meyer,bauerjoshua@example.com,2024-03-26 04:03:57
753,Brandi Rogers,blankenshipdillon@example.net,2024-02-08 00:47:58
754,Shannon Harrison,kingmelissa@example.org,2025-01-12 04:26:37
755,Christopher Murphy,rileyjose@example.net,2024-03-31 21:37:45
756,James Carpenter,nicholasmarshall@example.com,2024-05-30 06:33:41
757,Rickey Mckinney,torrestyler@example.org,2024-05-17 04:03:01
758,Edward Harding,henrynatalie@example.com,2024-11-16 02:37:17
759,Stephanie Valentine,kimmunoz@example.com,2024-02-24 13:23:27
760,Katherine Werner,ajohnson@example.net,2024-01-24 00:03:32
761,Laura Vega,morganjames@example.org,2024-10-30 04:30:18
762,Nicole Perez,rachel07@example.com,2024-02-12 05:42:27
763,Donna Lamb,christopher40@example.net,2024-07-03 06:07:05
764,Kimberly Conway,jeremy80@example.com,2024-07-02 14:28:32
765,Lauren Fletcher,meganli@example.com,2024-04-19 19:56:16
766,Matthew Bailey,patrickmorris@example.net,2024-08-03 23:18:06
767,Jennifer Griffith,jordanmorris@example.org,2024-05-13 07:19:43
768,Joshua Crawford,zgalvan@example.net,2024-02-18 01:26:40
769,Julia Tran,ramirezangelica@example.net,2024-03-23 16:00:11
770,Jodi Gomez,zhernandez@example.com,2024-10-08 14:11:22
771,Carrie Flores,jameshenry@example.com,2024-05-28 16:43:31
772,Sharon Santiago,qedwards@example.com,2024-08-04 19:27:40
773,Brandi Pope,jared84@example.org,2024-11-15 14:28:58
774,Chris Sullivan,oshelton@example.org,2024-06-22 04:02:11
775,Kimberly Miranda,lmiller@example.net,2024-07-31 21:10:20
776,Marcus Williams,skramer@example.org,2024-04-10 14:07:36
777,Amanda Sweeney,ana30@example.org,2024-07-31 15:39:46
778,Barry Goodman,rachelgeorge@example.com,2024-10-29 11:46:21
779,Dr. Brenda Peterson,lyoung@example.com,2024-07-26 12:25:48
780,Michelle Smith,thompsonbrian@example.org,2024-06-27 18:58:54
781,John Thomas,hrowe@example.org,2024-05-15 21:01:56
782,Melanie Young,pamelagarcia@example.org,2024-12-23 18:27:34
783,Heather Nolan,svelez@example.com,2024-08-17 22:28:50
784,Lisa Wells,tanya83@example.net,2024-02-18 04:24:59
785,David Montoya,qromero@example.net,2024-03-22 03:53:09
786,Yvonne Ward,jenniferanderson@example.org,2024-06-19 20:18:18
787,Brian Gonzalez,luisdillon@example.org,2024-02-15 10:59:27
788,Tammy Yu,paige16@example.com,2024-03-11 09:05:45
789,Melinda Padilla,duncanjeremy@example.org,2024-11-30 00:56:50
790,Chad Douglas,oalvarado@example.net,2024-03-17 03:05:39
791,Ryan Ramirez,garzasteven@example.com,2025-01-04 01:04:15
792,Ronald Richardson,rwilliams@example.net,2024-07-12 09:26:42
793,Victoria Larsen,donna71@example.net,2024-12-14 10:04:50
794,Claire Brooks,marvin82@example.net,2024-12-05 07:49:58
795,Amber Ellis,dawsoncarol@example.org,2024-07-02 05:25:39
796,Shirley Grimes,rachelharris@example.com,2024-02-07 21:43:33
797,Sherri Barnett,josephnavarro@example.net,2024-12-20 01:39:01
798,Dr. John Castillo,matthew93@example.com,2024-04-24 09:34:52
799,Donald Holland,brownsheryl@example.com,2024-09-02 13:10:38
800,Pamela Johnson,dunlapalexis@example.net,2024-07-14 07:57:11
801,Dakota Wright,laura34@example.org,2024-07-01 20:32:30
802,Michael Flores,louis90@example.net,2024-03-18 04:04:26
803,Nicole Anthony,csullivan@example.org,2024-04-30 20:46:57
804,Kendra Alexander,ileblanc@example.com,2025-01-17 00:29:14
805,Nicole Flores,emily79@example.org,2024-10-02 03:16:07
806,Martha Walters,riverarebecca@example.org,2024-10-26 18:45:03
807,Adam Gonzales,jgilbert@example.org,2024-12-23 11:16:25
808,Anthony Brown,byrdjennifer@example.org,2024-07-26 02:24:25
809,Sean Baker,christiandavid@example.com,2024-02-10 16:09:37
810,Jesse Garcia,watersholly@example.com,2024-10-11 09:42:16
811,Patricia Ramirez,brian89@example.net,2024-07-11 22:10:44
812,Melissa Gonzalez,poolemorgan@example.com,2024-03-02 13:05:07
813,Linda Riley,andreswhite@example.com,2024-04-23 15:08:52
814,Angela Silva,torresstephanie@example.org,2024-11-03 12:51:09
815,Sabrina Peterson,james94@example.net,2024-03-19 01:24:16
816,Carlos Maddox,shawkarina@example.com,2024-03-09 16:53:14
817,Traci Pugh,stevensgary@example.com,2024-12-20 15:26:23
818,Terry Hernandez,andersondavid@example.org,2024-11-30 13:45:16
819,Patrick Adkins,pricejade@example.net,2024-10-06 04:09:11
820,Jacob Lee,elizabeth73@example.com,2024-01-26 20:31:23
821,David Davies,dillonshawn@example.com,2024-02-29 12:44:23
822,Laura Greene,alyssa26@example.net,2024-06-13 15:29:03
823,Brian Miller,sarahmoore@example.net,2024-05-13 14:22:41
824,Leroy Hughes,hmorris@example.org,2024-06-08 10:03:18
825,James Gonzales,fnelson@example.net,2024-03-18 03:44:18
826,Paul Daniel,johnsonjill@example.org,2024-04-17 01:41:08
827,Stacey Jimenez,lukecraig@example.org,2024-08-26 00:05:39
828,Megan Harvey,zmckee@example.net,2024-08-23 03:21:00
829,Debbie Curtis,gonzalescharles@example.org,2024-08-16 03:00:15
830,Brenda Chung,yfitzgerald@example.org,2025-01-11 14:54:23
831,Tiffany Bryant,wbryant@example.org,2024-11-26 09:09:32
832,Joshua Mullen,ufitzpatrick@example.com,2024-07-29 12:03:17
833,Michelle Herman,dustinroman@example.org,2024-07-31 21:47:54
834,Christie Yu,ymckenzie@example.com,2024-07-06 02:26:42
835,Jon Harris,michael78@example.net,2024-08-29 12:10:10
836,Monica Khan,jamesroberts@example.org,2024-08-16 17:31:36
837,Katherine Reed,josephgarcia@example.com,2024-09-02 19:25:57
838,Thomas Schmitt,martinjessica@example.net,2024-05-20 17:28:40
839,Christopher Moore,lmonroe@example.com,2024-04-26 11:48:27
840,Stephanie Wilson,udavis@example.com,2024-12-17 18:35:56
841,Betty Leach,brandon01@example.com,2024-02-16 13:11:58
842,Matthew Conway,paynejoel@example.net,2024-08-15 04:40:41
843,Marie Thomas,rodriguezjoe@example.org,2024-12-09 08:49:45
844,Dylan Brown,chrisstokes@example.org,2024-02-15 06:12:37
845,Melissa Potter,xburke@example.com,2024-05-19 09:20:33
846,Julie Jackson,loretta26@example.net,2024-09-15 12:55:49
847,Donald Mooney,anthonyfuller@example.org,2024-01-27 01:04:01
848,Christina Blair,villanuevawanda@example.net,2024-10-14 16:33:50
849,Anthony Chavez,reedregina@example.org,2024-04-06 03:42:23
850,Alexa Moore,karla30@example.org,2024-12-15 23:23:17
851,Edward Brewer,james31@example.com,2024-12-16 03:54:08
852,Sonia Smith,yblackwell@example.net,2024-09-08 21:53:16
853,Andrew Montoya,gibsonjames@example.org,2024-06-25 17:57:43
854,Marissa Campbell,elizabethponce@example.net,2024-02-24 16:52:54
855,Gary James,stonejodi@example.com,2024-05-13 14:19:21
856,Jose Scott,richard51@example.org,2024-05-20 07:16:01
857,Arthur Norman,curtissteven@example.net,2024-06-13 06:53:07
858,Adam Coleman,amyhoward@example.com,2025-01-21 06:03:50
859,Amanda Burns,stephaniegregory@example.net,2024-03-18 05:53:43
860,Cory Chandler,zacharyhunter@example.com,2024-07-18 22:27:04
861,Dawn Hood,jasminefarley@example.com,2024-10-08 18:28:02
862,Gina Green,sharontorres@example.com,2024-10-04 22:07:01
863,Ashley Brown,njohnson@example.net,2024-09-24 17:11:44
864,Diana Riley,ronniegriffith@example.org,2024-10-05 12:32:53
865,Joseph Lopez,amanda94@example.org,2024-10-27 19:44:43
866,Tamara Jackson,mike45@example.org,2024-05-14 06:51:51
867,Melissa Sampson,xbarnett@example.net,2024-12-26 03:51:40
868,Heidi Park,brian78@example.org,2024-11-28 08:16:48
869,Brian Price,heidi85@example.org,2024-10-04 23:55:29
870,Kristina Keller,natalie84@example.com,2024-02-25 03:23:09
871,Christine Rogers,christopherfernandez@example.com,2024-09-19 17:37:22
872,Sara Smith,nicholassanders@example.org,2024-02-25 21:25:45
873,Julia Cardenas,phillipsyolanda@example.net,2024-02-20 03:38:49
874,Mark Ramsey,sclayton@example.net,2024-11-01 14:25:09
875,Michael Ward,anthony05@example.net,2024-09-06 18:59:31
876,Jim Adkins,gfoster@example.com,2024-02-13 01:59:01
877,Nicholas Parker,brandirogers@example.org,2024-07-13 19:23:34
878,Angela Forbes,nicole95@example.net,2024-01-30 09:00:51
879,Alyssa Young,smithdarryl@example.org,2024-02-29 00:13:49
880,Terry Mckay,michelegutierrez@example.net,2024-07-17 02:52:14
881,Jared Carter,colliermelissa@example.com,2024-12-29 15:41:00
882,John Simmons,sanchezbrian@example.com,2024-05-28 16:36:21
883,Allison Jackson,barbara38@example.net,2024-11-21 06:49:58
884,Samantha Richards,williamking@example.net,2024-05-06 02:46:12
885,Aaron Perez,kenneth11@example.org,2024-02-20 22:31:49
886,Laura Juarez,holtamber@example.com,2024-03-21 05:42:41
887,Samantha Adams,eric88@example.com,2024-06-08 08:28:52
888,Frank Marquez,kathleen00@example.net,2024-07-22 11:20:48
889,Jamie Burns,ubowman@example.com,2024-12-04 13:21:24
890,Steven Gilbert,matthewchristensen@example.org,2024-06-21 15:25:39
891,Martin Donovan,margaret90@example.com,2024-03-16 20:04:34
892,Jose Calderon,vrobinson@example.com,2024-07-21 07:51:54
893,Felicia Patterson,emilybennett@example.net,2024-05-22 01:43:57
894,Paul Jones,christinameyers@example.org,2024-06-08 22:05:28
895,Dawn Stone,weaveramanda@example.com,2024-07-29 22:56:14
896,Anthony Rogers,xgraves@example.com,2024-07-08 11:55:05
897,Paul Hill,latoyalane@example.org,2024-12-16 05:34:06
898,Haley Bradford,sara70@example.net,2024-04-14 19:01:49
899,Aaron Brooks,uyoung@example.com,2024-06-22 04:54:24
900,Ryan Brown,thuynh@example.net,2024-07-31 15:44:07
901,Kelly Valencia,sarahjackson@example.org,2024-05-16 08:21:28
902,Melissa Smith,vhall@example.org,2024-03-25 00:18:10
903,Sara Montgomery,smithdaniel@example.net,2024-07-07 10:05:48
904,Lisa Rodriguez,wendy87@example.net,2025-01-10 06:10:34
905,Jodi Becker,mariaalvarez@example.net,2024-08-31 22:11:43
906,Tracy Powell,qmaynard@example.net,2024-10-15 16:08:52
907,Brianna Clark,barrettian@example.net,2024-09-24 01:59:40
908,Elizabeth Nixon,williamsjohn@example.com,2024-10-03 23:41:19
909,John Smith,wtownsend@example.com,2024-04-27 12:17:39
910,Eric Porter,maldonadoalexis@example.com,2024-06-06 09:27:00
911,Jessica Levine,xpineda@example.org,2024-09-30 03:20:11
912,Deborah Hall PhD,browngina@example.net,2024-09-18 15:18:44
913,Kenneth Burns,zwilliams@example.org,2024-04-24 08:47:51
914,Benjamin Allen,elizabeth48@example.com,2024-03-30 02:08:40
915,Sherri Sullivan,efowler@example.com,2024-01-26 08:13:37
916,Mr. Joshua Smith,rebecca69@example.com,2024-05-04 05:37:52
917,Maria Brooks,jessicastout@example.net,2024-10-14 17:38:11
918,Lucas Porter DVM,xclark@example.org,2024-01-30 09:09:43
919,Victoria Mclaughlin,wdean@example.net,2024-02-21 15:40:03
920,Joseph Watts,martinezwilliam@example.org,2024-05-28 17:16:17
921,Joseph Hart,hharris@example.org,2024-05-07 13:56:04
922,Kevin Park,martinezmargaret@example.org,2024-08-14 22:38:19
923,Erin Mullins,bakerchristine@example.com,2024-11-08 05:39:57
924,Grace Mooney,yarias@example.com,2024-03-25 17:10:17
925,Kathleen Garcia,patricia78@example.com,2024-04-27 12:55:28
926,Jennifer Huerta,gina78@example.org,2024-05-12 04:17:28
927,Dr. Taylor Mccann,fernandezjamie@example.org,2024-12-01 02:46:58
928,James Baker,lisamarshall@example.net,2024-08-01 19:59:16
929,Robin Stevenson,angela96@example.com,2024-09-05 00:27:52
930,Linda Jones,tphillips@example.org,2024-04-18 20:08:04
931,Darrell Kelley,wardlindsey@example.net,2024-05-23 04:35:22
932,George Sanchez,victoria63@example.org,2024-10-31 20:14:01
933,Anthony Hammond,lauren71@example.net,2025-01-19 21:32:26
934,David Gonzalez,jennifermartinez@example.com,2024-06-25 13:47:38
935,Michael Soto,jamie11@example.org,2025-01-15 19:25:21
936,Rebekah Williams,samanthawilkins@example.com,2024-04-08 08:49:47
937,Teresa Chavez,jenkinsgene@example.net,2025-01-17 08:36:58
938,Larry Durham,charles03@example.com,2024-07-22 23:14:41
939,Ronald Flynn,simmonsalexis@example.com,2024-10-11 03:14:58
940,Beth Myers,harold57@example.org,2024-08-14 10:08:02
941,Patrick Rogers,pamelajones@example.net,2024-05-18 11:53:38
942,Derrick Gates,pclark@example.org,2024-07-08 17:52:20
943,Jeffrey Pham,dsmith@example.net,2024-06-06 05:09:21
944,Gabriela Bennett,yfleming@example.org,2024-04-16 07:26:29
945,Rita Aguilar,alexander21@example.org,2024-09-08 14:26:23
946,Dustin Torres,nicolerobinson@example.org,2024-01-27 18:20:27
947,Perry Horton,brentyoung@example.net,2024-06-15 12:09:50
948,Joshua Burton,brittany89@example.net,2024-09-06 02:34:03
949,David Harvey,cheyenneroberts@example.org,2024-03-28 20:24:51
950,Justin Garrett,voneal@example.com,2024-04-11 23:33:15
951,Derrick Baker,melissa54@example.net,2024-11-21 19:08:24
952,Karen Perez,aprilhuff@example.net,2024-05-15 09:51:36
953,Kayla Barker,porterbryan@example.net,2024-10-10 00:07:03
954,Jackie Brown,jschroeder@example.net,2024-09-20 14:25:19
955,Benjamin Rivera,cgill@example.org,2024-12-15 07:10:49
956,Michael Ryan,hector36@example.org,2024-02-02 13:01:41
957,Dawn House,cnash@example.org,2024-01-30 14:16:37
958,Teresa Lopez,watersleonard@example.com,2024-06-20 06:50:10
959,Dr. Julie Gibbs,vowens@example.org,2024-03-18 03:31:07
960,Dave Bowman,harrisarthur@example.org,2024-05-06 23:14:26
961,Elizabeth Sandoval,graychristine@example.net,2024-06-13 18:27:50
962,Krista Ramirez,gallegosjulie@example.net,2024-07-01 16:57:33
963,Melissa Snyder,wjames@example.org,2024-12-22 06:26:06
964,Jack Peterson,hilljennifer@example.com,2024-05-09 07:38:28
965,Douglas Bryant,maria45@example.net,2024-03-09 22:03:28
966,Holly Gordon,hughesclaudia@example.org,2025-01-21 17:23:11
967,Thomas Montgomery,catherinejones@example.org,2024-02-25 11:18:53
968,Shannon Lopez,nashedward@example.net,2024-08-27 04:25:02
969,Eileen Beck,yeverett@example.com,2024-02-26 11:25:55
970,Juan Brennan,astone@example.com,2024-08-14 23:02:59
971,Kristin Howard,eking@example.org,2024-05-05 20:36:20
972,Scott Hale,timothy39@example.net,2024-02-26 17:25:53
973,Joshua Ward,johnmcgrath@example.net,2024-02-05 20:46:50
974,Richard Marquez,jennifer45@example.com,2024-10-18 15:26:03
975,Kimberly Taylor,duffyangelica@example.com,2024-11-24 23:46:45
976,Christine Delgado,jerry31@example.org,2024-02-25 12:40:29
977,Maria Warren,wernergary@example.net,2024-06-15 05:51:03
978,Donald Stephenson,gbeasley@example.com,2024-08-29 23:40:14
979,Mike Paul,emily45@example.net,2024-01-27 15:48:26
980,Jeffrey Brown,diazkaren@example.com,2024-06-16 21:37:00
981,Sara Hines,armstrongmelissa@example.org,2024-10-17 15:49:39
982,Laura Garcia,dnelson@example.net,2024-11-09 19:46:23
983,Arthur Clark,zstanley@example.net,2024-03-31 14:23:33
984,Kelly Brown,denise81@example.org,2024-10-20 15:23:23
985,David Lambert,richard42@example.org,2024-10-20 17:51:56
986,Ryan Gardner,tammymcknight@example.net,2024-08-08 03:45:20
987,Austin Gardner,njames@example.org,2025-01-01 04:38:06
988,Kim Hernandez,pamelabrown@example.org,2024-05-11 16:30:14
989,Lance Boyer,nmiller@example.org,2024-04-09 16:39:18
990,Kathleen Estrada,carolsmith@example.org,2025-01-19 22:50:01
991,Laura Noble,katelyn86@example.net,2024-08-09 05:01:15
992,Nathaniel Kelley,williamslisa@example.com,2024-08-17 22:10:45
993,Alexandra Anderson,ashley26@example.net,2024-05-11 15:53:58
994,Hailey Abbott,bwong@example.com,2024-10-19 02:35:58
995,Lisa Heath,amy02@example.org,2024-12-05 04:25:51
996,James Hall,ramosbenjamin@example.org,2024-12-01 14:00:24
997,Melinda Hoffman,mlamb@example.net,2024-02-11 03:03:34
998,Nicole Porter,nicole74@example.com,2024-10-25 09:33:56
999,Sarah Trevino,russellmary@example.com,2025-01-01 22:38:01
1000,Kimberly Mendoza,hannahbrown@example.org,2024-07-11 04:01:01
